"","Sigla","COLABORADOR","PERMANENTE","VISITANTE","Total","Código CAPES","Nome","Instituição"
"1","CEFET/RJ-A-4-EMTM",1.41666666666667,15.5833333333333,0,17,"31022014003P7","ENGENHARIA MECÂNICA E TECNOLOGIA DE MATERIAIS","CENTRO FEDERAL DE EDUCAÇÃO TECN. CELSO SUCKOW DA FONSECA"
"2","FEEVALE-P-5-TMPI",3.5,11.1666666666667,0.0833333333333333,14.75,"42041015003P5","TECNOLOGIA DE MATERIAIS E PROCESSOS INDUSTRIAIS","UNIVERSIDADE FEEVALE"
"3","FUFPI-A-6-CM",0.916666666666667,16.8333333333333,0.333333333333333,18.0833333333333,"21001014024P6","CIÊNCIA DOS MATERIAIS","FUNDAÇÃO UNIVERSIDADE FEDERAL DO PIAUÍ"
"4","IFBA-P-3-EM",0.333333333333333,6.08333333333333,0,6.41666666666667,"28010019066P5","ENGENHARIA DE MATERIAIS","INSTITUTO FEDERAL DE EDUCAÇÃO, CIÊNCIA E TECNOLOGIA DA BAHIA"
"5","PUC/SP-?-?-BMR",0.833333333333333,3.5,0,4.33333333333333,"33005010047P9","BIOMATERIAIS E MEDICINA REGENERATIVA","PONTIFÍCIA UNIVERSIDADE CATÓLICA DE SÃO PAULO"
"6","UCS-A-6-M",3.83333333333333,10.6666666666667,0.25,14.75,"42008018006P1","MATERIAIS","UNIVERSIDADE DE CAXIAS DO SUL"
"7","UESC-A-4-CIMM",3.66666666666667,13.3333333333333,0.333333333333333,17.3333333333333,"28007018012P5","CIÊNCIA, INOVAÇÃO E MODELAGEM EM MATERIAIS","UNIVERSIDADE ESTADUAL DE SANTA CRUZ"
"8","UEZO-P-3-CTM",3.16666666666667,14.6666666666667,0,17.8333333333333,"31088015001P3","CIÊNCIA E TECNOLOGIA DE MATERIAIS","CENTRO UNIVERSITÁRIO ESTADUAL DA ZONA OESTE                 "
"9","UFAL-A-4-M",2.75,12.4166666666667,0.666666666666667,15.8333333333333,"26001012028P5","MATERIAIS","UNIVERSIDADE FEDERAL DE ALAGOAS"
"10","UFAM-A-4-CEM",1.91666666666667,14.6666666666667,0.333333333333333,16.9166666666667,"12001015035P2","CIÊNCIA E ENGENHARIA DE MATERIAIS","UNIVERSIDADE FEDERAL DO AMAZONAS"
"11","UFC-A-5-ECM",5,15.5,1,21.5,"22001018034P4","ENGENHARIA E CIÊNCIA DE  MATERIAIS","UNIVERSIDADE FEDERAL DO CEARÁ"
"12","UFCAT-A-4-CET",0.583333333333333,4.41666666666667,0.25,5.25,"52059006001P8","CIÊNCIAS EXATAS E TECNOLÓGICAS","UNIVERSIDADE FEDERAL DE CATALÃO"
"13","UFERSA-A-4-CEM",3.58333333333333,10.1666666666667,0.25,14,"23003014051P1","CIÊNCIA E ENGENHARIA DE MATERIAIS","UNIVERSIDADE FEDERAL RURAL DO SEMI-ÁRIDO"
"14","UFG-?-?-CET",0.166666666666667,7.41666666666667,0.166666666666667,7.75,"52001016103P0","CIÊNCIAS EXATAS E TECNOLÓGICAS","UNIVERSIDADE FEDERAL DE GOIÁS"
"15","UFMA-A-4-CM",0.25,14.75,0,15,"20001010031P0","CIÊNCIA DOS MATERIAS","UNIVERSIDADE FEDERAL DO MARANHÃO"
"16","UFMS-A-4-CM",3.58333333333333,12.1666666666667,0,15.75,"51001012170P7","CIÊNCIA DOS MATERIAIS","FUNDAÇÃO UNIVERSIDADE FEDERAL DE MATO GROSSO DO SUL"
"17","UFMT-A-4-CM",1.33333333333333,9.91666666666667,0.666666666666667,11.9166666666667,"50001019026P0","CIÊNCIA DE MATERIAIS","UNIVERSIDADE FEDERAL DE MATO GROSSO"
"18","UFOP-A-4-C",3.58333333333333,12.8333333333333,0.416666666666667,16.8333333333333,"32007019025P1","CIÊNCIAS","UNIVERSIDADE FEDERAL DE OURO PRETO"
"19","UFPB/J.P.-A-5-CEM",3.25,18.25,0.5,22,"24001015061P7","CIÊNCIA E ENGENHARIA DE MATERIAIS","UNIVERSIDADE FEDERAL DA PARAÍBA/JOÃO PESSOA"
"20","UFPE-A-5-CM",5.41666666666667,26.75,0.916666666666667,33.0833333333333,"25001019053P7","CIÊNCIA DE MATERIAIS","UNIVERSIDADE FEDERAL DE PERNAMBUCO"
"21","UFPEL-A-5-CEM",5.58333333333333,14.25,0.166666666666667,20,"42003016041P0","CIÊNCIA E ENGENHARIA DE MATERIAIS","UNIVERSIDADE FEDERAL DE PELOTAS"
"22","UFPR-A-5-ECM",8.91666666666667,26,0.25,35.1666666666667,"40001016033P9","ENGENHARIA E CIÊNCIA DOS MATERIAIS","UNIVERSIDADE FEDERAL DO PARANÁ"
"23","UFRGS-A-6-CM",9.58333333333333,26.4166666666667,0,36,"42001013056P4","CIÊNCIAS DOS MATERIAIS","UNIVERSIDADE FEDERAL DO RIO GRANDE DO SUL"
"24","UFRN-A-7-CEM",3.41666666666667,15.4166666666667,0.75,19.5833333333333,"23001011026P4","CIÊNCIA E ENGENHARIA DE MATERIAIS","UNIVERSIDADE FEDERAL DO RIO GRANDE DO NORTE"
"25","UFRPE-A-3-EF",0,7.75,0,7.75,"25003011074P7","ENGENHARIA FÍSICA","UNIVERSIDADE FEDERAL RURAL DE PERNAMBUCO"
"26","UFSC-A-7-CEM",4.83333333333333,21.6666666666667,0.75,27.25,"41001010031P2","CIÊNCIA E ENGENHARIA DE MATERIAIS","UNIVERSIDADE FEDERAL DE SANTA CATARINA"
"27","UFSC-BLUMENAU-A-3-NPMA",1,5.91666666666667,0.0833333333333333,7,"41001028002P4","NANOCIÊNCIA, PROCESSOS E MATERIAIS AVANÇADOS","UNIVERSIDADE FEDERAL DE SANTA CATARINA - BLUMENAU"
"28","UFSCAR-A-4-CM",4.16666666666667,13.5,0.0833333333333333,17.75,"33001014032P2","CIÊNCIA DOS MATERIAIS","UNIVERSIDADE FEDERAL DE SÃO CARLOS"
"29","UFSJ-A-5-FQM",5.58333333333333,16.4166666666667,0,22,"32018010001P3","FISICA E QUIMICA DE MATERIAIS","UNIVERSIDADE FEDERAL DE SÃO JOÃO DEL-REI"
"30","UFTM-A-3-CTM",2.16666666666667,12.1666666666667,0,14.3333333333333,"32012012009P6","CIÊNCIA E TECNOLOGIA DE MATERIAIS","UNIVERSIDADE FEDERAL DO TRIÂNGULO MINEIRO"
"31","UNB-A-3-CM",2.91666666666667,13.3333333333333,0.333333333333333,16.5833333333333,"53001010084P2","CIÊNCIAS DE MATERIAIS","UNIVERSIDADE DE BRASÍLIA"
"32","UNESP/BAU-A-5-CTM",8.91666666666667,39.25,0.333333333333333,48.5,"33004056083P7","CIÊNCIA E TECNOLOGIA DE MATERIAIS","UNIVERSIDADE EST.PAULISTA JÚLIO DE MESQUITA FILHO/BAURU"
"33","UNESP/IS-A-6-CM",1.16666666666667,17.4166666666667,0,18.5833333333333,"33004099083P9","CIÊNCIA DOS MATERIAIS","UNIVERSIDADE EST.PAULISTA JÚLIO DE MESQUITA FILHO/ILHA  SOLT"
"34","UNICENTRO-A-3-NB",0,6,0,6,"40014010043P5","NANOCIÊNCIAS E BIOCIÊNCIAS","UNIVERSIDADE ESTADUAL DO CENTRO-OESTE"
"35","UNIFESP-A-5-ECM",4.16666666666667,36.25,1.75,42.1666666666667,"33009015080P8","ENGENHARIA E CIÊNCIA DE MATERIAIS","UNIVERSIDADE FEDERAL DE SÃO PAULO"
"36","UNIFOA-P-4-M",0.166666666666667,10.9166666666667,0,11.0833333333333,"31067018002P0","MATERIAIS","CENTRO UNIVERSITÁRIO DE VOLTA REDONDA"
"37","UNIPAMPA-A-3-CEM",0.416666666666667,5.08333333333333,0,5.5,"42046017017P8","CIÊNCIA E ENGENHARIA DE MATERIAIS","FUNDAÇÃO UNIVERSIDADE FEDERAL DO PAMPA"
"38","UNIVAP-P-4-PMC",1.16666666666667,10.0833333333333,0,11.25,"33051011010P8","PROCESSAMENTO DE MATERIAIS E CATÁLISE","UNIVERSIDADE DO VALE DO PARAÍBA"
"39","UNIVASF-A-4-CM",1.75,13.5,0,15.25,"25020013001P4","CIÊNCIA DOS MATERIAIS","UNIVERSIDADE FEDERAL DO VALE DO SÃO FRANCISCO"
"40","UPM-A-4-EMN",2.41666666666667,10.3333333333333,0.0833333333333333,12.8333333333333,"33024014031P9","ENGENHARIA DE MATERIAIS E NANOTECNOLOGIA","UNIVERSIDADE PRESBITERIANA MACKENZIE"
"41","USP-A-5-ECM",1.25,11.8333333333333,0.166666666666667,13.25,"33002010239P2","ENGENHARIA E CIÊNCIA DE MATERIAIS","UNIVERSIDADE DE SÃO PAULO"
"42","USP/SC-A-6-CEM",5.16666666666667,31.6666666666667,0,36.8333333333333,"33002045017P6","CIÊNCIAS E ENGENHARIA DE MATERIAIS","UNIVERSIDADE DE SÃO PAULO/SÃO CARLOS"
"43","UTFPR-A-4-CEM",3.58333333333333,11.6666666666667,0.0833333333333333,15.3333333333333,"40006018175P0","CIÊNCIA E ENGENHARIA DE MATERIAIS","UNIVERSIDADE TECNOLÓGICA FEDERAL DO PARANÁ"
